,Questions
1,Interview tips - Google Careers
2,How we hire - Google Careers
3,Top 100 Digital Marketing Interview Questions and Answers for 2023
4,ChatGPT Passes Google Coding Interview for Level 3 Engineer With ...
5,Javascript Interview Questions - Apps on Google Play
6,5 frequently asked questions about Google Cloud Anthos | Google ...
7,Google Internship FAQs - Google Careers
8,Nursing Interview Tips - Apps on Google Play
9,Selenium Interview Questions - Apps on Google Play
10,A Google Cloud support engineer solves a tough DNS case ...
11,Top 100 recent asked Google interview questions : r/leetcode
12,LC question list for Google : r/leetcode
13,Google SRE systems interview prep : r/sre
14,ChatGPT Passes Google Coding Interview for Level 3 Engineer With ...
15,Interview tips from Google Software Engineers : r/programming
16,140 Google interview questions : r/programming
17,Upcoming Google SRE interview : r/devops
18,Google Interview? : r/Frontend
19,Google engineer breaks down the interview questions he used ...
20,Google interview prep : r/leetcode
